areaacres,areasqkm,states,huc10,name
77560.000000000000000,313.882638100000008,CA,1802000501,Wagon Creek-Sacramento River
76440.000000000000000,309.347886270000004,CA,1801020805,Indian Creek-Scott River
107154.000000000000000,433.646951699999988,CA,1804001004,Lower Middle Fork Stanislaus River
129103.000000000000000,522.471513920000007,CA,1809020305,Mesquite Flat
212043.000000000000000,858.126156260000016,CA,1804000108,Root Creek-San Joaquin River
142274.000000000000000,575.773777129999985,"CA,OR",1710030901,Headwaters Applegate River
98281.000000000000000,397.737867909999977,CA,1804000305,Fivemile Creek-San Joaquin River
85338.000000000000000,345.359095949999983,CA,1809020406,Pilot Knob Valley
56965.000000000000000,230.532724800000011,CA,1803000904,Dry Creek
76569.000000000000000,309.869989780000026,CA,1801010801,Ten Mile River
249239.000000000000000,1008.656298829999969,CA,1808000202,Van Loan Creek-Madeline Plains
81712.000000000000000,330.682716340000013,CA,1803001209,West Side Canal
319987.000000000058208,1294.968204560000004,CA,1809010207,Big Pine Creek-Owens River
116372.000000000000000,470.949757009999985,CA,1801020410,Tule Lake
201196.000000000000000,814.227319930000021,CA,1810020106,Upper Whitewater River
99589.000000000000000,403.032518250000010,CA,1803000311,Tecuya Creek-Frontal Kern Lake Bed
92491.000000000000000,374.305540609999980,CA,1810020301,Clark Valley
39365.000000000000000,159.306475820000003,CA,1802015205,Cold Fork
61717.000000000000000,249.767122250000000,CA,1801010301,Rice Fork
239018.000000000000000,967.293355870000028,CA,1810010037,Browns Wash-Cadiz Lake
209553.000000000000000,848.047377910000023,CA,1810010043,Tank Spring-Rice Valley
62220.000000000000000,251.800828810000013,CA,1802012805,Lower Middle Fork American River
40264.000000000000000,162.946705949999995,CA,1803000605,Lewis Creek
73164.000000000000000,296.088752370000009,CA,1802012604,Dry Creek
100459.000000000000000,406.551305800000023,CA,1801010603,Middle South Fork Eel River
45916.000000000000000,185.820692879999996,CA,1802012207,Greenhorn Creek
48929.000000000000000,198.013094480000007,CA,1810010014,Surprise Springs-Deadman Lake
43390.000000000000000,175.595832129999991,CA,1807030503,Lower Cottonwood Creek
107190.000000000000000,433.792827649999992,CA,1803000101,Rock Creek-Kern River
193040.000000000000000,781.221732670000051,CA,1809010106,Adobe Valley
162789.000000000000000,658.796617210000022,CA,1801011007,Mark West Creek
169308.000000000000000,685.180311989999950,CA,1809020817,Cronise Valley
63365.000000000000000,256.436559579999994,CA,1802011505,North Fork Stony Creek
229832.000000000000000,930.118610640000043,CA,1809020711,Harper Lake
128282.000000000000000,519.151747409999984,CA,1809020217,Greenwater Valley
142909.000000000000000,578.343397249999953,CA,1804001103,Calaveras River
196464.000000000000000,795.077134620000038,CA,1804000204,Salado Creek-San Joaquin River
74833.000000000000000,302.846898119999992,CA,1801021101,Coffee Creek
61522.000000000000000,248.977782139999988,CA,1802000302,Beaver Creek
61513.000000000000000,248.941044320000003,OR,1710031102,Sucker Creek
242968.000000000000000,983.276402250000046,CA,1810010020,Lava Hills
55363.000000000000000,224.052610429999987,CA,1809020511,Poison Canyon
46592.000000000000000,188.554861700000004,CA,1807010202,Bouquet Canyon
55542.000000000000000,224.773838180000013,CA,1802016205,Lower Putah Creek
63425.000000000000000,256.677659469999981,CA,1805000401,Arroyo Hondo
65736.000000000000000,266.031103389999998,CA,1802011605,Bear Creek
81655.000000000000000,330.454232240000010,CA,1804000910,Big Creek-Tuolumne River
51439.000000000000000,208.169796249999990,CA,1810020410,Hidden Springs Canyon-Frontal Salton Sea
84585.000000000000000,342.312523520000013,CA,1802000311,Roaring Creek-Pit River
228925.000000000000000,926.446391779999999,CA,1605030101,Headwaters East Walker River
167182.000000000000000,676.575416560000008,CA,1806000508,Indian Valley-Salinas River
110421.000000000000000,446.868949910000026,CA,1809020809,Buckthorn Wash-Mojave River
115008.000000000000000,465.431225530000006,CA,1806000514,Stonewall Creek-Salinas River
95715.000000000000000,387.354274750000002,CA,1802015103,Little Cow Creek
219458.000000000000000,888.135551490000012,CA,1606001512,Town of Ivanpah-Frontal Ivanpah Lake
86830.000000000000000,351.396029849999991,CA,1807030303,Lower San Luis Rey River
159120.000000000000000,643.950000270000032,CA,1810010031,Upper Watson Wash
103261.000000000000000,417.892567509999992,CA,1803000508,Town of Richgrove-Town of Allensworth
60256.000000000000000,243.854381139999987,CA,1807030404,Poway Creek
90831.000000000000000,367.587042429999997,CA,1801010807,Pudding Creek-Frontal Pacific Ocean
61758.000000000000000,249.929827350000011,CA,1805000209,Corte Madera Creek-Frontal San Fransisco Bay Estuaries
95274.000000000000000,385.566870010000002,CA,1809020502,Airport Lake
80294.000000000000000,324.944827260000011,CA,1802016103,Pleasant Grove Creek-Cross Canal
198390.000000000000000,802.874127469999962,CA,1807010301,Calleguas Creek
173914.000000000000000,703.821710260000032,CA,1810020404,Deer Peak
69562.000000000000000,281.514957970000012,CA,1801020907,Rock Creek-Klamath River
76785.000000000000000,310.745053050000024,CA,1803001203,Warthan Creek
114328.000000000000000,462.679700900000000,CA,1806000403,Lower San Juan Creek
135807.000000000000000,549.603616729999999,CA,1803000404,Lower Poso Creek
88542.000000000000000,358.324293689999990,CA,1801010104,Smith River
60596.000000000000000,245.229182780000002,CA,1804001206,Upper Dry Creek
69649.000000000000000,281.865360559999999,CA,1801020609,Beaver Creek
166710.000000000000000,674.666820450000046,CA,1801020910,Tectah Creek-Klamath River
154485.000000000000000,625.193014299999959,CA,1810020401,Indain Wash-American Girl Wash
116003.000000000000000,469.458762420000028,CA,1503010106,Lower Chemehuevi Wash
109320.000000000000000,442.413680530000022,"CA,NV",1809020212,Lower Fortymile Canyon
83504.000000000000000,337.934457850000001,CA,1807010503,Rio Hondo
116664.000000000000000,472.132956400000012,CA,1802000308,Town of Pittville-Pit River
146486.000000000000000,592.821037929999989,CA,1804000119,Lower Los Banos Creek
152943.000000000000000,618.953463599999964,CA,1806000607,Pismo Creek-Frontal Pacific Ocean
57789.000000000000000,233.869625750000012,CA,1804000907,South Fork Tuolumne River
146445.000000000000000,592.655908339999996,CA,1802000204,Pine Creek-South Fork Pit River
134084.000000000000000,542.632051700000034,CA,1809020508,China Lake
38882.000000000000000,157.352352109999998,"CA,NV",1605010102,Marlette Lake-Frontal Lake Tahoe
90674.000000000000000,366.953697519999992,CA,1802015905,Lower Feather River
100032.000000000000000,404.824274119999984,CA,1803000201,Headwaters South Fork Kern River
52374.000000000000000,211.953024580000005,CA,1803000704,Marble Fork Kaweah River-Kaweah River
127287.000000000000000,515.123070819999953,CA,1809020319,Wingate Wash
176348.000000000000000,713.672009529999968,"AZ,CA",1503010412,Yuma Wash-Colorado River
113192.000000000000000,458.079935330000012,CA,1807030101,San Juan Creek
204187.000000000000000,826.333142319999979,CA,1801011004,Upper Russian River
100477.000000000000000,406.622904370000015,CA,1804005103,Lone Tree Creek
47929.000000000000000,193.967524870000005,CA,1805000502,Walker Creek
71902.000000000000000,290.983815979999974,CA,1806001501,Tembladero Slough
81249.000000000000000,328.808510420000005,CA,1803000910,Town of Mendota-Fresno Slough
156444.000000000000000,633.121254900000054,"CA,NV",1604020406,Duck Lake
62037.000000000000000,251.059635509999993,CA,1801010511,Salt River-Eel River
62466.000000000000000,252.798431800000003,CA,1804000607,Chiquito Creek
210537.000000000000000,852.030123340000046,CA,1801020704,Parks Creek-Shasta River
110682.000000000000000,447.923577490000014,CA,1806000706,Lower Cuyama River
136810.000000000000000,553.660590159999970,CA,1804000901,Headwaters Tuolumne River
87947.000000000000000,355.918532640000024,CA,1810010011,Sunshine Peak-Lavic Lake
79729.000000000000000,322.659417679999990,CA,1806001006,Zaca Creek-Santa Ynez River
151505.000000000000000,613.131541119999952,CA,1802012304,Upper Middle Fork Feather River
74808.000000000000000,302.742523199999994,CA,1804000613,Big Sandy Creek-San Joaquin River
62386.000000000000000,252.471573269999993,CA,1809020609,Le Montaine Creek-Eller Slough
141975.000000000000000,574.563245080000002,CA,1802015702,Deer Creek
150559.000000000000000,609.302088239999989,CA,1809020621,Peerless Valley
89085.000000000000000,360.523832029999994,CA,1809020823,Willow Wash
45065.000000000000000,182.376146640000002,CA,1802015405,Ash Creek-Sacramento River
125333.000000000000000,507.216316660000018,CA,1810010046,Packard Well
66039.000000000000000,267.255925279999985,CA,1802012601,Upper Bear River
79801.000000000000000,322.950147689999994,CA,1802010406,Stone Corral Creek
148237.000000000000000,599.907981609999979,CA,1807020307,Chino Creek
118121.000000000000000,478.030266270000027,CA,1804000105,Upper Chowchilla River
57151.000000000000000,231.287961940000002,CA,1807020301,Bear Creek
235976.000000000000000,954.980818989999989,CA,1810010054,Ship Creek-Ford Dry Lake
94622.000000000000000,382.928360849999990,CA,1803001223,Arroyo Torcido-Frontal Tulare Lake Bed
155631.000000000000000,629.831606139999963,CA,1806000205,Upper San Benito River
131256.000000000000000,531.186186720000023,CA,1801010402,Upper Middle Fork Eel River
199361.000000000000000,806.802212390000022,CA,1801020414,Lower Klamath Lake
47960.000000000000000,194.090994959999989,CA,1801010503,Dobbyn Creek
204993.000000000000000,829.595371040000032,CA,1805000602,San Gregorio Creek-Frontal Pacific Ocean
27875.000000000000000,112.807111000000006,CA,1804001401,Griswold Creek
139898.000000000000000,566.158508190000020,CA,1803000712,Middle Cross Creek
62914.000000000000000,254.611369270000012,CA,1808000302,Middle Pine Creek
142158.000000000000000,575.305640730000050,CA,1801021203,Lower Hayfork Creek
88440.000000000000000,357.911693669999977,CA,1802015602,Elder Creek
45764.000000000000000,185.205039929999998,CA,1809020615,Lake Palmdale-Piute Ponds
105105.000000000000000,425.352799090000019,CA,1803000207,Lower South Fork Kern River
41737.000000000000000,168.907442430000003,CA,1810010003,Blackhawk Canyon-Cougar Buttes
42437.000000000000000,171.741270359999987,CA,1803000308,El Paso Creek
143365.000000000000000,580.188902149999990,CA,1810020201,Vallecito Creek
157576.000000000000000,637.701279219999947,CA,1807020201,Upper San Jacinto River
230508.000000000000000,932.852605160000053,CA,1806000511,Pancho Rico Creek-Salinas River
123903.000000000000000,501.428774690000012,CA,1605010202,Prosser Creek-Truckee River
103208.000000000000000,417.675409160000015,CA,1802015208,Cottonwood Creek
53055.000000000000000,214.711871680000002,CA,1802015705,Big Chico Creek
59896.000000000000000,242.393893939999998,CA,1806000806,Santa Maria River
193215.000000000000000,781.931919920000041,CA,1810020413,Arroyo Salado-Frontal Salton Sea
189801.000000000000000,768.114535919999980,CA,1801010702,Mattole River
240946.000000000000000,975.093655610000042,CA,1808000102,Middle Alkali Lake
85731.000000000000000,346.948779039999977,CA,1803000901,Murphy Slough-Fresno Slough
103645.000000000000000,419.445451219999995,CA,1801010304,Outlet Creek
62672.000000000000000,253.630815009999992,CA,1803000602,North Fork Tule River
99797.000000000000000,403.871097420000012,CA,1807030205,Santa Margarita River
47575.000000000000000,192.531990610000008,CA,1809020708,The Buttes
110531.000000000000000,447.313424970000028,CA,1802000504,Sacramento River Arm-Shasta Lake
156077.000000000000000,631.633463389999974,CA,1809020220,Tecopa Hot Springs-Amargosa River
115307.000000000000000,466.640190299999972,CA,1801020802,French Creek-Scott River
216034.000000000000000,874.279165120000016,CA,1801020401,Fletcher Creek-Boles Creek
114127.000000000000000,461.864444999999989,CA,1803001212,Upper Kern River Flood Canal
89427.000000000000000,361.904564830000027,CA,1802011502,Upper Stony Creek
50180.000000000000000,203.075042419999988,CA,1802011602,Middle Creek
118763.000000000000000,480.626718310000001,CA,1809010204,Horton Creek-Owens River
56611.000000000000000,229.102177860000012,CA,1809020820,Lower Kelso Wash
67302.000000000000000,272.366270880000002,CA,1809020601,Upper Cache Creek
61120.000000000000000,247.349918260000010,CA,1802012301,Little Last Chance Creek
57727.000000000000000,233.616534949999988,CA,1802000210,Clover Swale Creek
40124.000000000000000,162.379764209999990,CA,1810010017,Coyote Lake
160813.000000000000000,650.802418429999989,CA,1803000907,James Bypass
201820.000000000000000,816.755858600000010,CA,1802012802,Rubicon River
119451.000000000000000,483.412611079999976,CA,1809020403,Darwin Wash
131467.000000000000000,532.040873749999946,CA,1810010040,Iron Mountain Tunnel-Sand Draw
116805.000000000000000,472.704840160000003,CA,1803000608,Elk Bayou
88262.000000000000000,357.192973590000008,CA,1801021104,Stuart Fork
54639.000000000000000,221.120555590000009,CA,1806000505,Big Sandy Creek
163134.000000000000000,660.195997239999997,CA,1803000314,Sandy Creek-Frontal Buena Vista Lake Bed
163224.000000000000000,660.556745119999960,CA,1605030202,Middle West Walker River
102580.000000000000000,415.134362029999977,CA,1802015202,Middle Fork Cottonwood Creek
108708.000000000000000,439.936941400000023,"CA,NV",1808000312,Upper Long Valley Creek
413792.000000000000000,1674.593705389999968,CA,1810020407,Alamo River
122025.000000000000000,493.830106450000017,CA,1807010402,Big Sycamore Canyon-Frontal Santa Monica Bay
107195.000000000000000,433.810691299999974,CA,1805000404,Arroyo Valle
66977.000000000000000,271.051046610000014,CA,1802012204,Lights Creek
126645.000000000000000,512.523873829999957,CA,1805000206,Petaluma River-Frontal San Pablo Bay Estuaries
78977.000000000000000,319.616138009999986,CA,1810010023,Town of Old Dale-Dog Wash
47264.000000000000000,191.274917929999987,CA,1802015902,Upper Feather River
50424.000000000000000,204.064762320000000,CA,1802000218,Juniper Creek
45063.000000000000000,182.367425900000001,CA,1810010034,Clipper Wash
139235.000000000000000,563.474623459999975,CA,1804001007,Lower Stanislaus River
80875.000000000000000,327.295863520000012,CA,1809020803,Apple Valley Dry Lake
131064.000000000000000,530.408015539999951,CA,1803001008,Pine Flat Reservoir-Kings River
184668.000000000000000,747.341132450000032,CA,1809010302,Lone Pine Creek-Owens River
73304.000000000000000,296.657680040000002,CA,1802012101,Headwaters North Fork Feather River
142883.000000000000000,578.240517569999952,CA,1803001206,Los Gatos Creek
87517.000000000000000,354.175973460000023,CA,1809020505,Ninemile Canyon
95426.000000000000000,386.185049219999996,CA,1805000302,Lower Coyote Creek-Frontal San Francisco Bay Estuaries
201611.000000000000000,815.907199050000031,CA,1801010804,Navarro River
56777.000000000000000,229.772342189999989,CA,1802016202,Pope Creek
107495.000000000000000,435.026668099999995,CA,1804000302,Lone Tree Creek-San Joaquin River
229819.000000000000000,930.064133490000017,"CA,NV",1809020302,Middle Death Valley Wash
196424.000000000000000,794.917941420000034,CA,1802000305,Fall River
67625.000000000000000,273.675750409999978,CA,1807030401,Upper Santa Ysabel Creek
219307.000000000000000,887.522470740000017,"AZ,CA",1503010404,Lower Parker Valley-Colorado River
67151.000000000000000,271.756381330000011,CA,1807020310,Lower Santa Ana River
133654.000000000000000,540.891319360000011,AZ,1503010305,Franconia Wash-Sacramento Wash
58687.000000000000000,237.501404170000001,CA,1809020806,Lower Fremont Wash
76408.000000000000000,309.219917239999972,CA,1802012907,Lower South Fork American River
146674.000000000000000,593.582714290000013,CA,1803001220,Jacobs Slough-Frontal Tulare Lake Bed
86345.000000000000000,349.433189860000027,CA,1802010409,Sycamore Slough
49175.000000000000000,199.006508419999989,CA,1809020618,Cottonwood Creek-Tylerhorse Canyon
43952.000000000000000,177.872804330000008,CA,1803000204,Chimney Creek
70707.000000000000000,286.146480520000011,CA,1802015503,Red Bank Creek
110445.000000000000000,446.965232580000020,CA,1809020316,Leach Lake
139183.000000000000000,563.265255460000049,CA,1806001302,San Pedro Creek-Frontal Santa Barbara Channel
102759.000000000000000,415.859315709999976,CA,1804000610,Stevenson Creek-San Joaquin River
99667.000000000000000,403.345851709999977,"CA,NV",1606001501,Wheeler Wash
103561.000000000000000,419.105722379999975,CA,1807030407,Lower San Diego River
130495.000000000000000,528.106716679999977,CA,1801021002,North Fork Salmon River
91222.000000000000000,369.171468319999974,"CA,NV",1809020203,Town of Rhyolite
89270.000000000000000,361.270416860000012,CA,1804000201,Orestimba Creek
74376.000000000000000,300.994480660000022,CA,1807010405,Frontal Santa Monica Bay-San Pedro Bay
80781.000000000000000,326.914844300000027,CA,1801020701,Lake Shastina-Shasta River
49294.000000000000000,199.489638689999992,CA,1804001203,Middle Fork Mokelumne River
82155.000000000000000,332.475556059999974,CA,1806000502,Santa Margarita Creek-Salinas River
138024.000000000000000,558.574417840000024,CA,1809020108,Ubehebe Peak
78652.000000000000000,318.298351270000012,CA,1803000401,Headwaters Poso Creek
56183.000000000000000,227.370982440000006,CA,1804001209,Lower Dry Creek
65994.000000000000000,267.072331659999975,CA,1803000701,Middle Fork Kaweah River
88403.000000000000000,357.760118439999985,CA,1809010103,Rush Creek
144347.000000000000000,584.164914840000051,CA,1807010101,Ventura River
100058.000000000000000,404.929708419999997,CA,1804000604,Middle Fork San Joaquin River
110545.000000000000000,447.368825539999989,CA,1806000703,Middle Cuyama River
92387.000000000000000,373.885276680000004,CA,1805000102,Walnut Creek-Frontal Suisin Bay Estuaries
66788.000000000000000,270.287992540000005,CA,1807010602,West Fork San Gabriel River
175262.000000000000000,709.276964479999947,CA,1503010402,Vidal Wash
90788.000000000000000,367.414316830000018,CA,1804000904,Cherry Creek
128345.000000000000000,519.403592939999953,CA,1804000116,Deadman Creek
115722.000000000000000,468.322100369999987,CA,1810020103,Headwaters Whitewater River
77967.000000000000000,315.528399250000007,CA,1807020304,San Timoteo Wash
78712.000000000000000,318.543166229999997,CA,1804000102,Cottonwood Creek
54197.000000000000000,219.330600390000001,CA,1802010403,Willow Creek
99992.000000000000000,404.661721269999987,CA,1809020624,Rosamond Lake
124152.000000000000000,502.436352339999985,CA,1803000104,Rattlesnake Creek-Kern River
69189.000000000000000,280.005095910000023,CA,1802015605,Lower Thomes Creek
321096.000000000000000,1299.457643960000041,CA,1809020322,Bad Water Basin-Amargosa River
91188.000000000000000,369.031627549999996,CA,1809020612,Sidney Peak
125310.000000000000000,507.122890890000008,CA,1802000207,Big Sage Reservoir-Rattlesnake Creek
155668.000000000000000,629.980810600000041,CA,1802012307,Lower Middle Fork Feather River
194032.000000000000000,785.238292999999999,CA,1801021112,Horse Linto Creek-Trinity River
253233.000000000000000,1024.821269519999987,"CA,NV",1503010201,Upper Piute Wash
97537.000000000000000,394.726547400000015,"CA,NV",1606001013,Fish Lake Valley
78985.000000000000000,319.646910549999973,CA,1806000803,Middle Sisquoc River
40687.000000000000000,164.656145089999995,CA,1804001404,Lower Panoche Creek
76994.000000000000000,311.591396760000009,"CA,OR",1710031104,West Fork Illinois River
102489.000000000000000,414.765362939999989,CA,1804000806,Maxwell Creek-Merced River
141035.000000000000000,570.759904860000006,CA,1805000505,Drakes Bay-Frontal Pacific Ocean
255974.000000000000000,1035.912241880000010,CA,1809020308,Upper Salt Creek
61919.000000000000000,250.583696279999998,CA,1809020826,Silver Lake
57254.000000000000000,231.704743129999997,CA,1802012508,Deer Creek
70049.000000000000000,283.483831580000015,CA,1802000201,Jess Valley-South Fork Pit River
79717.000000000000000,322.608259139999973,"CA,NV",1605020102,Middle East Fork Carson River
237790.000000000000000,962.323846949999961,CA,1808000305,Deep Creek-Secret Creek
98293.000000000000000,397.787819430000013,CA,1804000703,Middle Fresno River
109617.000000000000000,443.612020470000004,CA,1801010405,Lower Middle Fork Eel River
114904.000000000000000,465.009032219999995,CA,1804001306,Upper Cosumnes River
107451.000000000000000,434.848866989999976,CA,1806000202,Pacheco Creek
124029.000000000000000,501.938057630000003,CA,1801010305,Bucknell Creek-Eel River
131436.000000000000000,531.914784240000017,CA,1807030301,Upper San Luis Rey River
79149.000000000000000,320.312370820000012,CA,1803000603,South Fork Tule River
176717.000000000000000,715.165057039999965,CA,1605020101,Upper East Fork Carson River
59806.000000000000000,242.031891129999991,CA,1803000309,Liveoak Canyon-Pastoria Creek
142028.000000000000000,574.778021670000044,CA,1801021107,Weaver Creek-Trinity River
97918.000000000000000,396.269818600000008,"CA,OR",1802000104,Dry Creek-Frontal Goose Lake
99454.000000000000000,402.485280330000023,CA,1807020202,Middle San Jacinto River
90683.000000000000000,366.988667130000010,CA,1801020402,North Fork Willow Creek-Willow Creek
132078.000000000000000,534.510508250000044,CA,1803001207,North Fork Kings River-Kings River
169278.000000000000000,685.057519120000052,CA,1809010205,Lower Spring Canyon Creek
112008.000000000000000,453.288842320000015,CA,1801010703,Cape Mendicino-Frontal Pacific Ocean
232366.000000000000000,940.371718460000011,CA,1803000902,Kennedy Pond-Fresno Slough
135643.000000000000000,548.938015980000046,CA,1808000103,Lower Alkali Lake
195774.000000000000000,792.286385730000006,CA,1802011603,Kelsey Creek-Clear Lake
45710.000000000000000,184.985232249999996,CA,1809020815,Langford Well Lake
35350.000000000000000,143.060137279999992,CA,1802015303,Battle Creek
64558.000000000000000,261.260832129999983,CA,1809020821,Crucero Hill
110200.000000000000000,445.971752659999993,CA,1802011503,Grindstone Creek
46023.000000000000000,186.253114110000013,CA,1802012205,Wolf Creek
63449.000000000000000,256.776077590000000,CA,1810010018,Mesquite Lake
43849.000000000000000,177.454389840000005,CA,1802012302,Smithneck Creek
86795.000000000000000,351.255312150000009,CA,1809020303,Marble Canyon
44388.000000000000000,179.635711149999992,CA,1810010012,Goat Mountain-Keys Lake
107947.000000000000000,436.857107810000002,CA,1809020604,Lower Cache Creek
125002.000000000000000,505.874758779999979,CA,1810010041,Ironwood Wash-Danby Lake
101252.000000000000000,409.760517709999988,"CA,NV",1606001510,Devil Canyon-Frontal Ivanpah Lake
268585.000000000000000,1086.950394779999897,CA,1802016306,Cache Slough
239001.000000000000000,967.223439279999980,CA,1802000213,Taylor Reservoir
185686.000000000000000,751.461432319999972,CA,1809020703,Coyote Lake
59264.000000000000000,239.836974779999991,CA,1802000404,Claiborne Creek-McCloud River
60704.000000000000000,245.665697440000002,CA,1802015801,Upper Butte Creek
217210.000000000000000,879.035510980000026,CA,1810020408,Coyote Wash
46823.000000000000000,189.489426220000013,CA,1801020905,Dillon Creek
103336.000000000000000,418.195964930000002,CA,1807030402,Lower Santa Ysabel Creek
120686.000000000000000,488.408435429999997,CA,1803000506,Dyer Creek-Lake Woollomes
98614.000000000000000,399.086141950000012,CA,1807030104,San Onofre Creek-Frontal Gulf of Santa Catalina
175281.000000000000000,709.353558880000037,CA,1804000602,Upper South Fork San Joaquin River
124650.000000000000000,504.451487349999979,CA,1503010409,Arroyo Seco-Upper Milpitas Wash
81797.000000000000000,331.029478620000020,CA,1803000315,Buena Vista Creek
130627.000000000000000,528.639108360000023,CA,1809020412,Water Canyon-Panamint Valley
124718.000000000000000,504.727211099999977,CA,1606001009,Furnace Creek-Frontal Fish Lake Valley
136827.000000000000000,553.730478009999956,"CA,NV",1809010101,Alkali Valley-Frontal Mono Lake
141829.000000000000000,573.975738350000029,CA,1810010035,Schulyler Wash
87706.000000000000000,354.941000009999982,CA,1802000219,Widow Valley Creek-Pit River
81977.000000000000000,331.754782470000009,CA,1807010403,Ballona Creek
97371.000000000000000,394.054320980000000,CA,1809020709,Black Canyon
237881.000000000000000,962.690199639999946,CA,1806000506,Nacimiento River
87044.000000000000000,352.262384899999972,CA,1802015203,North Fork Cottonwood Creek
115715.000000000000000,468.292871699999978,CA,1804001101,San Antonio Creek-South Fork Calaveras River
47745.000000000000000,193.219361289999995,CA,1802015903,Hutchinson Creek-Reeds Creek
61062.000000000000000,247.116150370000014,CA,1810020307,Middle San Felipe Creek
185961.000000000000000,752.575070950000054,CA,1804000202,Crow Creek-San Joaquin River
107322.000000000000000,434.325581839999984,CA,1802012107,West Branch Feather River
62107.000000000000000,251.341920189999996,CA,1805000207,San Pablo Creek-Frontal San Pablo Bay Estuaries
68948.000000000000000,279.028448470000001,CA,1802012905,Middle South Fork American River
116377.000000000000000,470.972730459999980,CA,1805000303,Guadalupe River-Frontal San Francisco Bay Estuaries
81393.000000000000000,329.394550460000005,CA,1803001201,Mill Creek
46413.000000000000000,187.831267050000008,CA,1807010208,Middle Santa Clara River
158719.000000000000000,642.326447089999988,CA,1802000306,Butte Creek-Lost Creek
45520.000000000000000,184.217175440000005,CA,1810010026,Orange Blossom Wash
43529.000000000000000,176.159515669999990,CA,1810010029,Cleghorn Lakes
94222.000000000000000,381.309658570000011,CA,1809020804,Sheep Creek-El Mirage Lake
157440.000000000000000,637.150167639999950,CA,1802012104,Upper North Fork Feather River
51138.000000000000000,206.950732299999999,CA,1802015101,Old Cow Creek
74804.000000000000000,302.726770349999981,CA,1804001002,Upper Middle Fork Stanislaus River
62580.000000000000000,253.259516149999996,CA,1809010305,Haiwee Reservoirs
159395.000000000000000,645.063471479999976,CA,1809020317,Buckwheat Wash-Amargosa River
92722.000000000000000,375.238778029999992,CA,1802015504,Dibble Creek-Sacramento River
113537.000000000000000,459.479100790000018,CA,1809020506,Burro Canyon-Dry Lakes
277729.000000000000000,1123.955562849999978,CA,1806001401,San Miguel Island-Santa Rosa Island
85532.000000000000000,346.141364549999992,CA,1802000202,Cedar Creek
64845.000000000000000,262.422608050000008,CA,1801011002,Headwaters Russian River
162806.000000000000000,658.866636060000019,CA,1803001006,North Fork Kings River
104464.000000000000000,422.759370279999985,"CA,NV",1809020206,Big Dune
97723.000000000000000,395.478947740000024,CA,1807010501,Big Tujunga Creek
73818.000000000000000,298.737188489999994,CA,1808000308,Baxter Creek-Frontal Honey Lake
72111.000000000000000,291.827400160000025,"CA,NV",1808000310,Red Rock Canyon
142151.000000000000000,575.275906540000051,CA,1803001221,Town of Poplar-Frontal Tulare Lake Bed
82996.000000000000000,335.880331039999987,CA,1804000611,Willow Creek
56423.000000000000000,228.342620360000012,CA,1806000704,Alamo Creek
95190.000000000000000,385.229520410000021,CA,1801021003,Wooley Creek
86397.000000000000000,349.645235710000009,CA,1804000117,Owens Creek
127899.000000000000000,517.602051950000032,CA,1806000605,Morro Bay-Frontal Estero Bay
164196.000000000000000,664.490952440000001,CA,1806000401,Upper San Juan Creek
131879.000000000000000,533.705161910000015,CA,1801010509,Lower Van Duzen River
90839.000000000000000,367.621174610000025,CA,1807030410,Otay River
56178.000000000000000,227.348507540000014,CA,1801020702,Willow Creek
47609.000000000000000,192.672554009999999,CA,1805000201,Conn Creek
103493.000000000000000,418.830960510000011,CA,1806000503,Huerhuero Creek
123216.000000000000000,498.647470279999993,CA,1809020109,Salt Lake
124073.000000000000000,502.116793079999979,CA,1804000905,Falls Creek-Tuolumne River
202977.000000000000000,821.436758560000044,CA,1805000410,San Francisco Bay
86475.000000000000000,349.960767780000026,CA,1809010104,Lee Vining Creek-Frontal Mono Lake
149824.000000000000000,606.327536069999951,CA,1803001215,Antelope Plain
85120.000000000000000,344.475861490000000,AZ,1503010407,Mohave Wash-Colorado River
40908.000000000000000,165.552733509999996,CA,1804000605,Granite Creek
112537.000000000000000,455.432082400000013,CA,1802015403,Churn Creek-Sacramento River
40211.000000000000000,162.733514789999987,CA,1804001301,Camp Creek
225648.000000000000000,913.183226900000022,CA,1809020311,Upper Kingston Wash
218647.000000000000000,884.851645619999999,CA,1801010205,Big Lagoon-Frontal Pacific Ocean
43708.000000000000000,176.882712529999992,CA,1809020401,Santa Rosa Wash
68169.000000000000000,275.874864419999994,CA,1804005101,Rock Creek
73675.000000000000000,298.160616960000027,CA,1801021201,Upper South Fork Trinity River
53131.000000000000000,215.017863769999991,CA,1807010605,San Jose Creek
79245.000000000000000,320.700725530000000,CA,1802010404,Colusa Drain
162535.000000000000000,657.771288130000016,CA,1807020305,Upper Santa Ana River
65311.000000000000000,264.311811780000028,CA,1806001004,Redrock Canyon-Santa Ynez River
132447.000000000000000,536.004287200000022,CA,1803000105,Brush Creek-Kern River
69418.000000000000000,280.931822140000008,CA,1804000807,Dry Creek
69128.000000000000000,279.757620439999982,CA,1802012509,Dry Creek
242165.000000000000000,980.029174290000014,"CA,NV",1604020309,Smoke Creek-Frontal Smoke Creek Desert
109590.000000000000000,443.502651920000005,CA,1810020104,Little Morongo Creek-Morongo Wash
129176.000000000000000,522.767925590000004,CA,1810010009,Pipes Wash
61450.000000000000000,248.685589649999997,CA,1802010412,Sacramento River
111491.000000000000000,451.196624960000008,CA,1801020607,Bogus Creek-Klamath River
82367.000000000000000,333.335727130000009,CA,1808000203,Dry Valley-Grasshopper Valley
170908.000000000000000,691.656591410000033,CA,1809020613,Sacatara Creek-Kings Canyon
46479.000000000000000,188.099709439999998,CA,1802012503,Middle North Yuba River
146570.000000000000000,593.159071540000014,CA,1804000801,Headwaters Merced River
175917.000000000000000,711.925420020000047,"CA,NV",1605030102,Rough Creek
78008.000000000000000,315.693322000000023,CA,1810010052,Ford Well
77360.000000000000000,313.071444079999992,CA,1804000103,Cottonwood Creek-San Joaquin River
82656.000000000000000,334.502353369999980,CA,1803000710,Lower Cottonwood Creek
51835.000000000000000,209.775210609999988,CA,1802011506,Lower Stony Creek
98148.000000000000000,397.197680740000010,CA,1804001307,Laguna
145360.000000000000000,588.262242829999991,CA,1809020818,Devils Playground Wash
134913.000000000000000,545.985596460000011,CA,1809020706,Cuddeback Lake
82339.000000000000000,333.221657680000021,CA,1802000502,Castle Creek-Sacramento River
68294.000000000000000,276.382313409999995,CA,1804001005,South Fork Stanislaus River
188984.000000000000000,764.806247539999958,CA,1807010205,Upper Piru Creek
34882.000000000000000,141.167028329999994,CA,1809020607,Dove Spring Canyon-Red Rock Canyon
106937.000000000000000,432.767424090000020,CA,1802016303,Knights Landing Ridge Cut-Tule Canal
79039.000000000000000,319.865993950000018,CA,1804000804,North Fork Merced River
49900.000000000000000,201.940651959999997,CA,1802000216,Willow Creek
86182.000000000000000,348.772051879999992,"CA,NV",1606001504,Calvada Springs
30243.000000000000000,122.390750620000006,"CA,OR",1710031101,Althouse Creek
64341.000000000000000,260.385843630000011,CA,1605010104,General Creek-Frontal Lake Tahoe
120884.000000000000000,489.209391449999998,CA,1803000306,Lake Paulina-Comanche Creek
149594.000000000000000,605.398269089999985,CA,1801021110,New River
134457.000000000000000,544.140053210000019,"CA,OR",1801020604,Jenny Creek
57019.000000000000000,230.751370820000005,CA,1809020409,Wildrose Wash
65832.000000000000000,266.416954900000007,CA,1804000308,Kellogg Creek-Big Break
509956.999999999941792,2063.768302460000086,CA,1807010700,San Nicholas Island-Santa Catalina Island
123261.000000000000000,498.831537959999991,CA,1801010302,Corbin Creek-Eel River
52478.000000000000000,212.373837089999995,CA,1804000111,Burns Creek
41061.000000000000000,166.171975949999990,CA,1803000606,Foothill Ditch-Outside Creek
45385.000000000000000,183.670582120000006,CA,1807030203,Lower Temecula Creek
161590.000000000000000,653.946590740000033,CA,1801010604,Lower South Fork Eel River
173943.000000000000000,703.936424030000012,CA,1803000905,Dog Creek-Fish Slough
29254.000000000000000,118.387961090000005,CA,1807030506,Tijuana River-Frontal Pacific Ocean
113523.000000000000000,459.421179349999989,CA,1810020107,Middle Whitewater River
44873.000000000000000,181.597527159999999,CA,1801011008,Austin Creek
108586.000000000000000,439.443149259999984,CA,1803000102,Golden Trout Creek-Kern River
80643.000000000000000,326.358532319999995,"CA,NV",1808000309,Lemmon Valley
245910.000000000000000,995.183475899999962,CA,1809010202,Hot Creek-Owens River
150685.000000000000000,609.813360109999962,CA,1810010038,Upper Homer Wash
50011.000000000000000,202.393272359999997,CA,1802012605,Lower Bear River
83771.000000000000000,339.015863830000001,CA,1802012208,Spanish Creek
217909.000000000000000,881.867328950000001,CA,1803000312,Pleitito Creek-Kern Lake Bed
79147.000000000000000,320.303788310000016,CA,1801020705,Yreka Creek-Shasta River
88691.000000000000000,358.927119010000013,CA,1809020218,Chicago Valley
66459.000000000000000,268.956445190000011,CA,1810010015,Quail Wash
65722.000000000000000,265.974630149999996,CA,1809020812,Wall Street Canyon
151215.000000000000000,611.959322290000046,CA,1806000602,Carmel Bay-Frontal Pacific Ocean
68047.000000000000000,275.383914479999987,CA,1804000205,Ingram Creek-San Joaquin River
124141.000000000000000,502.390729360000023,CA,1810020304,Upper San Felipe Creek
259862.000000000000000,1051.647079529999928,CA,1802015804,Lower Butte Creek
113804.000000000000000,460.559102989999985,CA,1802000401,Ash Creek
125075.000000000000000,506.169815749999998,CA,1804001201,Upper North Fork Mokelumne River
136104.000000000000000,550.804649290000043,CA,1804000913,Dry Creek
86450.000000000000000,349.857305160000010,CA,1809020801,Deep Creek
147831.000000000000000,598.264753349999978,CA,1810010032,Clipper Valley Wash
113503.000000000000000,459.340674939999985,CA,1802012902,Silver Creek
130355.000000000000000,527.540373799999998,CA,1802012202,Last Chance Creek
41355.000000000000000,167.363214679999999,CA,1805000204,Tulucay Creek-Frontal San Pablo Bay Estuaries
54247.000000000000000,219.536022080000009,CA,1807030304,Escondido Creek
174909.000000000000000,707.848415430000045,CA,1801020908,Bluff Creek-Klamath River
67275.000000000000000,272.257982570000024,CA,1801020902,Thompson Creek-Klamath River
147918.000000000000000,598.617803370000047,CA,1803000509,Lower Deer Creek
88545.000000000000000,358.338400250000007,CA,1803000503,Rag Gulch
123196.000000000000000,498.567532840000013,CA,1810020405,Pinkham Wash-Box Canyon Wash
128838.000000000000000,521.401260600000001,CA,1809020103,Upper Eureka Valley
76242.000000000000000,308.545965830000000,CA,1802015104,Cow Creek
83646.000000000000000,338.510462200000006,CA,1806000509,Lewis Creek
201903.000000000000000,817.088900009999975,"CA,NV",1809020215,Rock Valley
46278.000000000000000,187.283747799999986,CA,1803001204,Jacalitos Creek
81719.000000000000000,330.713857080000025,CA,1807010302,McGrath Lake-Frontal Pacific Ocean
164172.000000000000000,664.393160090000038,CA,1802000303,Medicine Lake-Paynes Creek
69480.000000000000000,281.181790369999987,CA,1805000210,San Francisco Bay
88574.000000000000000,358.454078960000004,CA,1809020503,Rose Valley
66402.000000000000000,268.726880890000018,CA,1802016104,Curry Creek-Sacramento River
107026.000000000000000,433.129657280000004,CA,1605030103,Upper East Walker River
190142.000000000000000,769.495616059999975,CA,1806000701,Headwaters Cuyama River
202337.000000000000000,818.846054640000034,CA,1810020402,Algodones Dunes-Chocolate Mountain
310248.999999999941792,1255.561460399999987,CA,1804000120,Salt Slough
68059.000000000000000,275.430985000000021,CA,1801020911,Turwar Creek-Klamath River
123022.000000000000000,497.862293019999981,"CA,NV",1605010105,Lake Tahoe
118677.000000000000000,480.278612210000006,"CA,NV",1606001010,Palmetto Wash-Frontal Fish Lake Valley
84923.000000000000000,343.677721659999975,CA,1804000608,Kaiser Creek-San Joaquin River
40840.000000000000000,165.276977829999993,CA,1802016101,Auburn Ravine
55473.000000000000000,224.496969070000006,CA,1808000316,Honey Lake
203600.000000000000000,823.958581040000013,CA,1803001003,Middle Fork Kings River
191201.000000000000000,773.781573660000049,CA,1801010901,Gualala River
142493.000000000000000,576.661251740000012,CA,1803000202,Upper South Fork Kern River
52040.000000000000000,210.601480780000003,CA,1802000205,Parker Creek
187133.000000000000000,757.316260639999996,CA,1807020308,Middle Santa Ana River
86883.000000000000000,351.612423729999989,CA,1809020509,Black Hills
94004.000000000000000,380.427307820000010,CA,1809020106,Waucoba Wash
98688.000000000000000,399.383642179999981,CA,1801020610,Horse Creek-Klamath River
56306.000000000000000,227.868661720000006,CA,1801010506,Larabee Creek
165918.000000000000000,671.459689759999947,CA,1809020320,Jubilee Wash-Amargosa River
77166.000000000000000,312.287299210000015,CA,1801010202,Upper Mad River
259093.000000000000000,1048.535027820000096,"AZ,CA",1503010413,Martinez Lake-Colorado River
79951.000000000000000,323.557971619999989,CA,1803001218,Arroyo Ramoso-El Rincon
151193.000000000000000,611.869202940000037,"AZ,CA",1503010401,Osborne Wash-Colorado River
47698.000000000000000,193.031608750000004,CA,1804000902,Rancheria Creek
139624.000000000000000,565.052345759999980,CA,1801011005,Dry Creek
40751.000000000000000,164.916705409999992,CA,1805000407,Agua Caliente Creek-Frontal San Francisco Bay Estuaries
87169.000000000000000,352.768422320000013,CA,1806001502,San Lorenzo River
177628.000000000000000,718.851284269999951,CA,1806000404,Estrella River
130310.000000000000000,527.358961000000022,CA,1801010601,Upper South Fork Eel River
88182.000000000000000,356.867667929999982,CA,1807030501,Upper Cottonwood Creek
104672.000000000000000,423.600254099999972,CA,1806000801,Upper Sisquoc River
50404.000000000000000,203.981861879999997,CA,1803000609,Deep Creek
43543.000000000000000,176.217877579999993,CA,1809020824,Halloran Wash
57009.000000000000000,230.710660069999989,CA,1802011103,Steelhead Creek
58191.000000000000000,235.497219010000009,CA,1804000114,Black Rascal Creek
77101.000000000000000,312.022117209999976,CA,1803000303,Walker Basin Creek
44750.000000000000000,181.102119979999998,CA,1809020610,Big Rock Creek-Big Rock Wash
102662.000000000000000,415.468230950000020,CA,1805000503,Tomales Bay-Bodega Bay
49953.000000000000000,202.155769850000013,CA,1802012602,Wolf Creek
117967.000000000000000,477.407794109999998,CA,1806000208,Pajaro River
83290.000000000000000,337.069382290000021,CA,1802010401,South Fork Willow Creek
102939.000000000000000,416.588392680000027,CA,1806001007,Salsipuedes Creek-Santa Ynez River
62797.000000000000000,254.137257769999991,CA,1804001402,Upper Panoche Creek
63630.000000000000000,257.505595070000027,CA,1801010403,Mill Creek
215691.000000000000000,872.890656939999985,CA,1809020314,Riggs Wash-Salt Creek
86450.000000000000000,349.856690679999986,CA,1804001304,Middle Fork Cosumnes River
85073.000000000000000,344.286454010000000,CA,1802015603,Mill Creek
60139.000000000000000,243.378082470000010,CA,1802015501,Paynes Creek
129360.000000000000000,523.513062869999999,CA,1810020101,San Gorgonio River
148356.000000000000000,600.387769290000051,CA,1803001224,Tulare Lake Bed
135857.000000000000000,549.807730630000037,CA,1810010049,Big Wash
73347.000000000000000,296.832733519999977,CA,1810010006,Rattlesnake Canyon
56712.000000000000000,229.509317509999988,CA,1803000707,Upper Cottonwood Creek
63774.000000000000000,258.091650280000010,CA,1803000713,Lower Cross Creek
55388.000000000000000,224.153815509999987,CA,1809020616,Town of Pearblossom
174625.000000000000000,706.697226200000046,CA,1805000603,Waddell Creek-Frontal Ano Nuevo Bay
126644.000000000000000,512.522299459999999,CA,1802012506,Upper South Yuba River
79176.000000000000000,320.422601180000015,CA,1806001001,Mono Creek
161290.000000000000000,652.733178199999998,CA,1801020503,Butte Valley
145801.000000000000000,590.046889630000010,CA,1801021204,Middle South Fork Trinity River
58618.000000000000000,237.224672110000000,CA,1807020302,Headwaters Santa Ana River
81097.000000000000000,328.196265509999989,CA,1802015706,Mud Creek
97649.000000000000000,395.179580890000011,CA,1806000901,San Antonio Creek
234768.000000000000000,950.093435839999984,CA,1810020414,Salton Sea
91203.000000000000000,369.091905250000025,CA,1807010206,Lower Piru Creek
263293.000000000000000,1065.533718390000104,CA,1809020819,Upper Kelso Wash
82792.000000000000000,335.055855559999998,CA,1802016304,Morrison Creek
47311.000000000000000,191.463117269999998,CA,1804001308,Lower Cosumnes River
199001.000000000000000,805.345324300000016,"CA,NV",1606001505,Pahrump Valley
67109.000000000000000,271.585185760000002,CA,1809020707,Town of Kramer Junction-Town of Jimgrey
57604.000000000000000,233.120384209999997,CA,1803000307,Grapevine Creek
81519.000000000000000,329.901964050000004,CA,1807020100,Bolsa Chica Channel-Frontal Hunington Harbour
108465.000000000000000,438.950665200000003,CA,1802000503,Slate Creek-Sacramento River
110268.000000000000000,446.248634830000015,CA,1605010201,Little Truckee River
42269.000000000000000,171.060039880000005,"CA,OR",1801020605,Iron Gate Reservoir-Klamath River
158713.000000000000000,642.301217500000007,CA,1804001006,Upper Stanislaus River
77552.000000000000000,313.849143179999999,CA,1802000217,Butte Creek-Ash Creek
70328.000000000000000,284.612796779999996,CA,1803000601,Middle Fork Tule River
41148.000000000000000,166.522739919999992,CA,1801010303,Tomki Creek
91104.000000000000000,368.691042159999995,CA,1809020608,Koehn Lake
59646.000000000000000,241.382920039999988,CA,1804000805,Bear Creek-Merced River
141869.000000000000000,574.134286050000014,CA,1807030204,Murrieta Creek
121053.000000000000000,489.895395720000010,CA,1801021105,Swift Creek-Trinity River
135873.000000000000000,549.869445410000026,CA,1804000309,Middle River-San Joaquin River
164239.000000000000000,664.667313649999983,CA,1809020404,Mill Canyon-Panamint Valley
203510.000000000000000,823.592597279999950,CA,1808000101,Upper Alkali Lake
78924.000000000000000,319.401725220000003,CA,1801020803,Moffett Creek
90127.000000000000000,364.738725480000028,CA,1804000112,San Luis Creek
55809.000000000000000,225.855635680000006,CA,1803001213,Bitterwater Creek
71009.000000000000000,287.371450799999991,CA,1802012803,Upper Middle Fork American River
146363.000000000000000,592.322610860000054,CA,1802000402,Mud Creek-McCloud River
143980.000000000000000,582.678919719999953,CA,1809020701,Nelson Lake-Bicycle Lake
48846.000000000000000,197.679021000000006,CA,1802000211,Turner Creek
108177.000000000000000,437.787996210000017,CA,1803000908,Arroyo Hondo-Fresno Slough
51750.000000000000000,209.428489089999999,CA,1809020602,Cottonwood Creek
124326.000000000000000,503.141744270000004,CA,1802015301,North Fork Battle Creek
98822.000000000000000,399.927384089999975,CA,1810020202,Upper Carrizo Creek
36763.000000000000000,148.779158819999992,CA,1805000205,Carneros Creek-Frontal San Pablo Bay Estuaries
136531.000000000000000,552.532375669999965,CA,1802015901,Honcut Creek
71894.000000000000000,290.949536400000000,CA,1802012203,Upper Indian Creek
70206.000000000000000,284.121312750000016,CA,1807010102,Rincon Creek-Frontal Pacific Ocean
247681.000000000000000,1002.352515420000032,CA,1809020813,Troy Lake
59897.000000000000000,242.400734650000004,"CA,NV",1808000311,Dry Valley Creek
177229.000000000000000,717.235474090000025,CA,1802016203,Upper Putah Creek
70125.000000000000000,283.793293650000010,CA,1807010401,Malibu Creek
101745.000000000000000,411.755333099999973,CA,1802012903,Upper South Fork American River
257614.000000000000000,1042.549023100000113,"AZ,CA",1503010104,Topock Marsh-Colorado River
182215.000000000000000,737.414300270000012,CA,1810010033,Lower Watson Wash
59152.000000000000000,239.383344039999997,CA,1810020305,Lower Borrego Valley
264566.000000000000000,1070.685321599999952,CA,1806000603,Big Creek-Frontal Pacific Ocean
138925.000000000000000,562.221510869999975,CA,1809020504,Little Dixie Wash
133969.000000000000000,542.164933420000011,CA,1802012102,Hamilton Branch
47743.000000000000000,193.212866319999989,CA,1804000303,Mormon Slough
36112.000000000000000,146.142777300000006,CA,1809020410,Jail Canyon-Warm Sulphur Springs
60876.000000000000000,246.360182040000012,CA,1801020903,Elk Creek
80329.000000000000000,325.087527430000023,CA,1801020909,Blue Creek
101390.000000000000000,410.318100410000000,CA,1803001007,Mill Flat Creek-Kings River
86680.000000000000000,350.790873729999987,CA,1810010024,Dale Lake
67705.000000000000000,273.999836840000000,CA,1809010303,Centennial Flat
81304.000000000000000,329.033224829999995,CA,1804000914,Peaslee Creek-Tuolumne River
101180.000000000000000,409.470513050000022,"CA,OR",1801010101,North Fork Smith River
76198.000000000000000,308.369293260000006,CA,1803000504,Middle Deer Creek
73044.000000000000000,295.603581019999979,CA,1801010805,Garcia River
90582.000000000000000,366.580100940000023,CA,1806000512,Chalone Creek
58879.000000000000000,238.280271180000000,CA,1805000103,Mount Diablo Creek-Frontal Suisun Bay Estuaries
49163.000000000000000,198.958768310000011,CA,1802012105,Yellow Creek
54686.000000000000000,221.310385840000009,CA,1801010507,Upper Van Duzen River
59545.000000000000000,240.975074940000013,CA,1807030408,Upper Sweetwater River
88464.000000000000000,358.009596680000016,CA,1807020401,San Diego Creek
154875.000000000000000,626.772071279999977,AZ,1503010406,Ehrenberg Wash-Colorado River
176735.000000000000000,715.237714439999991,CA,1809020807,Bell Mountain Wash-Mojave River
155120.000000000000000,627.762141430000042,CA,1802010410,Colusa Basin Drainage Canal
144385.000000000000000,584.316276030000040,CA,1809020619,Mescal Creek-Rocky Buttes
81770.000000000000000,330.917123409999988,CA,1801020611,Seiad Creek-Klamath River
119437.000000000000000,483.353239480000013,CA,1809020107,Lower Warm Springs-Frontal Salt Lake
60466.000000000000000,244.704483939999989,CA,1803001219,Arroyo Tozo-Hacienda Spillway
163645.000000000000000,662.263020869999991,CA,1801010902,Salmon Creek-Frontal Pacific Ocean
83789.000000000000000,339.088919649999980,CA,1801010102,Middle Fork Smith River
133162.000000000000000,538.898717690000012,CA,1804000121,Mud Slough-San Joaquin River
80940.000000000000000,327.558999169999993,CA,1803001004,Lower South Fork Kings River
57545.000000000000000,232.882026169999989,CA,1803000402,Upper Poso Creek
289976.000000000000000,1173.516915169999947,CA,1806001301,Jalama Creek-Frontal Santa Barbara Channel
60980.000000000000000,246.784238410000000,CA,1803000702,East Fork Kaweah River
145571.000000000000000,589.117411230000016,CA,1809010102,Dry Creek-Frontal Mono Lake
99322.000000000000000,401.949839119999979,CA,1503010405,McCoy Wash
59564.000000000000000,241.052239250000014,CA,1807010603,Upper San Gabriel River
71734.000000000000000,290.303605150000010,CA,1806000501,Santa Margarita Lake-Salinas River
163921.000000000000000,663.380201250000027,"AZ,CA",1503010403,Upper Parker Valley-Colorado River
188728.000000000000000,763.773460610000029,CA,1806000702,Upper Cuyama River
117732.000000000000000,476.455488390000028,CA,1801011006,Middle Russian River
113537.000000000000000,459.477427159999991,CA,1804001204,Lower North Fork Mokelumne River
106796.000000000000000,432.196837650000020,CA,1804000115,Duck Slough
56503.000000000000000,228.665050320000006,CA,1801010203,Middle Mad River
106300.000000000000000,430.191338970000004,CA,1805000408,San Lorenzo Creek-Frontal San Francisco Bay Estuaries
175790.000000000000000,711.413875989999951,"CA,OR",1712000703,Deep Creek
180994.000000000000000,732.473433279999995,CA,1801010501,North Fork Eel River
159276.000000000000000,644.582099309999990,CA,1802015606,Oat Creek-Sacramento River
621140.000000000000000,2513.719363990000147,MX,1810020400,Salton Sea
68837.000000000000000,278.578776930000004,CA,1807030502,Pine Valley Creek
57668.000000000000000,233.380477630000001,CA,1802000208,Canyon Creek
66506.000000000000000,269.146951619999982,CA,1809020611,Little Rock Wash
68547.000000000000000,277.406433579999998,CA,1802011501,Little Stony Creek
85031.000000000000000,344.115718920000006,CA,1803000103,Little Kern River
143158.000000000000000,579.352283380000017,CA,1806000301,Black Sulphur Spring-Carrizo Plain
145028.000000000000000,586.920836819999977,CA,1803000304,Caliente Creek
100819.000000000000000,408.009418639999978,CA,1810020102,Palm Canyon Wash
207882.000000000000000,841.288181000000009,CA,1810010044,Upper Pinto Wash
45633.000000000000000,184.674677440000011,"CA,OR",1710031202,Winchuck River
147782.000000000000000,598.066251230000034,"CA,NV",1606001502,Town of Pahrump
51786.000000000000000,209.575027229999989,CA,1804001210,Snodgrass Slough
68649.000000000000000,277.819546259999981,CA,1805000504,Abbotts Lagoon-Frontal Pacific Ocean
49932.000000000000000,202.073728060000008,CA,1806001002,Headwaters Santa Ynez River
172953.000000000000000,699.931163900000001,CA,1801021111,Big French Creek-Trinity River
60088.000000000000000,243.172014539999992,CA,1806000804,Lower Sisquoc River
113565.000000000000000,459.590329320000023,CA,1803000714,Middle Branch Cross Creek
129203.000000000000000,522.876541180000004,CA,1801021205,Lower South Fork Trinity River
118919.000000000000000,481.256821679999973,CA,1810010007,Arrastre Creek-Mellville Lake
45482.000000000000000,184.061520800000011,CA,1810010001,North Lucerne Valley
42264.000000000000000,171.040674760000002,CA,1803000708,Sand Creek
123753.000000000000000,500.819592609999972,CA,1809020309,Lower Salt Creek
57252.000000000000000,231.695818370000012,CA,1809020315,Saddle Peak Hills-Amargosa River
167194.000000000000000,676.625780899999995,CA,1808000306,Horse Lake-Willow Creek
46415.000000000000000,187.840893899999998,CA,1802012501,Downie River
98473.000000000000000,398.515463790000013,CA,1802012507,Lower South Yuba River
47540.000000000000000,192.393085820000010,CA,1802015502,Reeds Creek
43459.000000000000000,175.877374909999986,CA,1803000205,Canebrake Creek
104075.000000000000000,421.186952270000006,CA,1807020303,Lytle Creek
54135.000000000000000,219.082778090000005,CA,1806000203,Llagas Creek
86406.000000000000000,349.681807859999992,CA,1801020603,Copco Reservoir-Klamath River
62396.000000000000000,252.511687590000008,CA,1810010050,Palen Lake
82988.000000000000000,335.848385749999977,CA,1804001305,Deer Creek
46726.000000000000000,189.096877199999994,CA,1804000704,Dry Creek
155401.000000000000000,628.900457340000003,CA,1804000306,Old River
41033.000000000000000,166.056275529999994,CA,1801021108,Canyon Creek
45065.000000000000000,182.376173190000003,CA,1809020407,Myrick Spring
103440.000000000000000,418.617046430000016,CA,1802000214,Cottonwood Creek-Ash Creek
94527.000000000000000,382.546935589999975,CA,1809020605,Pine Tree Canyon
154037.000000000000000,623.378248500000041,CA,1804000802,South Fork Merced River
139654.000000000000000,565.172130779999975,CA,1807030302,Middle San Luis Rey River
111331.000000000000000,450.549119659999974,CA,1809010208,Tinemaha Creek-Owens River
242514.000000000000000,981.439446129999965,CA,1801020411,Copic Bay
43988.000000000000000,178.017085159999993,CA,1803001210,Goose Lake Canal
97676.000000000000000,395.289303309999980,CA,1801020806,Canyon Creek-Scott River
188134.000000000000000,761.368001479999975,CA,1809020306,Lower Death Valley Wash
35864.000000000000000,145.137730800000014,CA,1804000109,Dutchman Creek
144976.000000000000000,586.711275139999998,CA,1802015802,Middle Butte Creek
93564.000000000000000,378.648211220000007,CA,1802015703,Burch Creek
86027.000000000000000,348.147425590000012,CA,1802012206,Lower Indian Creek
68751.000000000000000,278.232931129999997,CA,1810010013,Quackenbush Lake-Bullion Wash
241652.000000000000000,977.950307999999950,CA,1810020411,Imperial Valley-Frontal Salton Sea
62608.000000000000000,253.372176899999999,CA,1807030504,Tecate Creek
159346.000000000000000,644.863957030000051,CA,1802015401,Clear Creek
114623.000000000000000,463.871862580000027,CA,1810020302,Coyote Creek
97828.000000000000000,395.902903270000024,CA,1802015206,Dry Creek
113332.000000000000000,458.646449169999983,CA,1809020704,Superior Lake
68749.000000000000000,278.221996760000025,CA,1803000310,Caparell Creek-Frontal Kern Lake Bed
94362.000000000000000,381.876595899999984,"CA,OR",1802000105,Goose Lake
49514.000000000000000,200.381372069999998,CA,1802000405,McCloud River Arm-Shasta Lake
151121.000000000000000,611.578339160000041,CA,1809020816,Broadwell Lake
113771.000000000000000,460.424647199999981,CA,1802011504,Middle Stony Creek
125611.000000000000000,508.339839579999989,CA,1802016307,Sherman Lake-Sacramento River
65191.000000000000000,263.823102150000011,"CA,NV",1606001511,Lucy Gray Mountains-Frontal Ivanpah Lake
79159.000000000000000,320.351903209999989,CA,1802011606,Upper Cache Creek
48734.000000000000000,197.222133780000007,CA,1801010602,East Branch South Fork Eel River
53219.000000000000000,215.374505849999991,CA,1809020501,Coso Wash
101392.000000000000000,410.326212020000014,CA,1801021102,Tangle Blue Creek-Trinity River
57340.000000000000000,232.049802330000006,CA,1804000603,Fish Creek
164736.000000000000000,666.676868160000026,AZ,1503020404,Castaneda Wash-Bill Williams River
154004.000000000000000,623.246875069999987,CA,1802000301,Horse Creek
88005.000000000000000,356.152304940000022,CA,1807030201,Upper Temecula Creek
88723.000000000000000,359.055701220000003,CA,1803000507,Old Channel Poso Creek-Alpaugh Irrigation District Canal
44522.000000000000000,180.176141250000001,CA,1809020512,Searles Valley
47255.000000000000000,191.237964419999997,CA,1809020710,Mount General
91556.000000000000000,370.522894039999983,CA,1802012806,Lower North Fork American River
162514.000000000000000,657.684657030000039,CA,1503010410,Lower Milpitas Wash
168822.000000000000000,683.213737199999969,"CA,OR",1801020409,Mills Creek-Lost River
64032.000000000000000,259.134309299999984,CA,1802000312,Squaw Creek
64380.000000000000000,260.541261140000017,CA,1804000911,Woods Creek
51851.000000000000000,209.838290029999996,CA,1805000402,Arroyo Las Positas
89166.000000000000000,360.848364039999979,CA,1809020810,Stoddard Valley
129551.000000000000000,524.287021220000042,CA,1807010203,Castaic Creek
80851.000000000000000,327.197791689999974,CA,1810010021,Fortynine Palms Canyon-Shortz Lake
30094.000000000000000,121.788802570000001,CA,1802016301,South Fork Willow Slough
108315.000000000000000,438.343381939999972,"CA,NV",1809010201,Upper Spring Canyon Creek
120616.000000000000000,488.127610880000020,CA,1807030405,Upper San Diego River
79253.000000000000000,320.734426190000022,CA,1802012108,Lower North Fork Feather River
146695.000000000000000,593.667996539999990,CA,1805000208,San Pablo Bay
173076.000000000000000,700.428921250000030,CA,1802015904,Gilsizer Slough-Snake River
64922.000000000000000,262.733947269999987,CA,1801010808,Albion River-Frontal Pacific Ocean
265664.000000000000000,1075.127003170000080,CA,1806000515,El Toro Creek-Salinas River
72530.000000000000000,293.525786859999982,CA,1801010802,Noyo River
145595.000000000000000,589.214364919999980,CA,1810010030,Bristol Lake
69648.000000000000000,281.861865930000022,CA,1810020308,Lower San Felipe Creek
107840.000000000000000,436.423619250000002,CA,1605020103,West Fork Carson River
64222.000000000000000,259.900905140000020,CA,1802012906,Weber Creek
50488.000000000000000,204.320575630000008,CA,1802015102,South Cow Creek
174036.000000000000000,704.312075359999994,CA,1804001003,North Fork Stanislaus River
127369.000000000000000,515.457077899999945,CA,1809020101,Deep Springs Lake
113900.000000000000000,460.946998670000028,CA,1807010209,Lower Santa Clara River
87949.000000000000000,355.926298180000003,CA,1801020906,Ukonom Creek-Klamath River
99959.000000000000000,404.529489710000007,CA,1810020403,Algodones Dunes
138544.000000000000000,560.681429689999959,CA,1803001202,Cole Slough-Kings River
86451.000000000000000,349.861307560000000,CA,1810010027,Marble Mountains
106326.000000000000000,430.296779860000015,CA,1810010004,Crystal Creek-Lucerne Lake
57151.000000000000000,231.288645879999990,CA,1803000705,South Fork Kaweah River
167095.000000000000000,676.223492869999973,CA,1801010105,Point Saint George-Frontal Pacific Ocean
55869.000000000000000,226.100174659999993,CA,1804001207,Jackson Creek
44825.000000000000000,181.406300969999990,CA,1803000501,Upper Deer Creek
117152.000000000000000,474.106787950000012,CA,1802000309,Burney Creek
167535.000000000000000,678.003338920000033,CA,1809020104,Lower Eureka Valley
100551.000000000000000,406.925985330000003,CA,1804000908,Clavey River
68075.000000000000000,275.495088070000008,CA,1801020608,Humbug Creek-Klamath River
65341.000000000000000,264.431647380000015,CA,1803001222,Arroyo Doblegado-Frontal Tulare Lake Bed
70603.000000000000000,285.727994579999972,CA,1808000313,Lower Long Valley Creek-Frontal Honey Lake
101648.000000000000000,411.363475160000007,CA,1809020318,Owl Lake
71798.000000000000000,290.562327929999981,CA,1801010510,Price Creek-Eel River
133464.000000000000000,540.121506240000031,CA,1805000202,Napa River
209685.000000000000000,848.581655520000027,"CA,NV",1604020405,Duck Flat Wash-Frontal Duck Lake
39569.000000000000000,160.132029549999999,CA,1807030411,Mission Bay
56231.000000000000000,227.565582439999986,CA,1804005104,French Camp Slough
55040.000000000000000,222.742290889999992,CA,1804000606,Lower South Fork San Joaquin River
54730.000000000000000,221.489504600000004,CA,1801011003,Big Sulphur Creek
73740.000000000000000,298.423064130000000,CA,1803001001,Roaring River
92696.000000000000000,375.134331959999997,CA,1806000606,Arroyo Grande Creek
68457.000000000000000,277.043181829999980,CA,1805000501,Lagunitas Creek
47078.000000000000000,190.523184369999996,CA,1805000405,Arroyo de la Laguna
135208.000000000000000,547.181267899999966,CA,1804000118,Lower Bear Creek
93119.000000000000000,376.849176670000020,CA,1803001216,Lower Kern River Flood Canal-Kern River Channel
89753.000000000000000,363.223880640000004,CA,1807010504,Lower Los Angeles River
151698.000000000000000,613.914636640000026,CA,1806000402,Cholame Creek
162744.000000000000000,658.615067999999951,CA,1809020216,Greenwater Canyon-Amargosa River
232470.000000000000000,940.795136139999954,CA,1503010202,Sacramento Wash
184322.000000000000000,745.940457450000054,"AZ,CA",1503010411,Gould Wash-Colorado River
85464.000000000000000,345.870050059999983,CA,1807030102,San Mateo Creek
44988.000000000000000,182.063652950000005,CA,1809010105,Mono Lake
105708.000000000000000,427.794477110000003,CA,1801021202,Upper Hayfork Creek
77670.000000000000000,314.324193299999990,CA,1810010010,Means Lake-Emerson Lake
54818.000000000000000,221.843965760000003,CA,1803000711,Upper Cross Creek
147888.000000000000000,598.495864490000031,CA,1806001005,Alamo Pintado Creek-Santa Ynez River
95753.000000000000000,387.505677149999997,CA,1804001302,North Fork Cosumnes River
75313.000000000000000,304.787203069999975,"CA,NV",1606001007,Huntoon Valley
64968.000000000000000,262.923522699999978,CA,1804000701,Upper Fresno River
79414.000000000000000,321.383364799999981,CA,1804000808,Ingalsbe Slough-Merced River
194322.000000000000000,786.411501749999957,CA,1801010206,Humboldt Bay-Frontal Pacific Ocean
140411.000000000000000,568.235367450000012,CA,1806000206,Tres Pinos Creek
177512.000000000000000,718.381763380000052,CA,1807010606,Lower San Gabriel River
147975.000000000000000,598.847861319999993,CA,1809020622,Rogers Lake
76223.000000000000000,308.471830899999986,CA,1810010047,Lower Pinto Wash
130756.000000000000000,529.163330960000053,CA,1802012305,Middle Middle Fork Feather River
79106.000000000000000,320.138898849999975,CA,1802015404,Bear Creek
60629.000000000000000,245.362846619999999,CA,1802012510,Yuba River
64771.000000000000000,262.123526029999994,CA,1802011101,Dry Creek
126071.000000000000000,510.204240400000003,CA,1801010504,Chamise Creek-Eel River
35331.000000000000000,142.983195580000000,"CA,NV",1605010101,Third Creek-Frontal Lake Tahoe
100462.000000000000000,406.562128359999974,CA,1804000106,Upper Los Banos Creek
235108.000000000000000,951.467216310000026,CA,1803000301,Cottonwood Creek-Kern River
232726.000000000000000,941.831013500000040,CA,1807020203,Lower San Jacinto River
75018.000000000000000,303.592304510000019,CA,1810010053,McCoy Spring
122737.000000000000000,496.709669280000014,CA,1801020501,Butte Creek
118157.000000000000000,478.176784670000018,CA,1809020312,Lower Kingston Wash
147494.000000000000000,596.900447009999993,CA,1808000303,Lower Pine Creek-Eagle Lake
130767.000000000000000,529.205800479999994,CA,1802012504,Lower North Yuba River
72575.000000000000000,293.708121559999995,CA,1802010407,Freshwater Creek
66196.000000000000000,267.891215559999978,CA,1802000215,Rush Creek-Ash Creek
67111.000000000000000,271.595425239999997,CA,1809020606,Fiddler Gulch-Goler Gulch
48946.000000000000000,198.082916710000006,CA,1802012209,East Branch North Fork Feather River
124621.000000000000000,504.332493349999993,CA,1805000301,Upper Coyote Creek
121814.000000000000000,492.975868079999998,CA,1804000803,Yosemite Creek-Merced River
59035.000000000000000,238.912763469999987,CA,1810010016,Black Rock Spring-Coyote Well
71775.000000000000000,290.471454709999989,CA,1809020705,Inscription Canyon
66342.000000000000000,268.482446760000016,CA,1802011601,Scotts Creek
139451.000000000000000,564.350615560000051,CA,1809020307,Furnace Creek Wash
46060.000000000000000,186.403956539999996,CA,1804000110,Upper Bear Creek
86265.000000000000000,349.111119900000006,CA,1801020901,Indian Creek
55880.000000000000000,226.143967470000007,CA,1804000307,Marsh Creek
97482.000000000000000,394.502350540000009,CA,1801021109,North Fork Trinity River
57778.000000000000000,233.823783300000002,"CA,OR",1710031103,East Fork Illinois River
124709.000000000000000,504.689964400000008,CA,1809020408,Fish Canyon-Panamint Valley
218962.000000000000000,886.125411829999962,CA,1803000906,Cantua Creek-Fresno Slough
52979.000000000000000,214.402174370000012,CA,1801010701,Bear River
67031.000000000000000,271.271544360000007,"CA,NV",1606001503,Stewart Valley
23521.000000000000000,95.186181469999994,"CA,NV",1606001513,Ivanpah Lake
79657.000000000000000,322.367296699999997,CA,1802016302,Willow Slough
61778.000000000000000,250.011155459999998,CA,1803001211,Browns Canyon
58970.000000000000000,238.648375700000003,CA,1802015803,Angel Slough
100561.000000000000000,406.963791780000008,CA,1810020412,Superstition Hills-Frontal Salton Sea
6705.000000000000000,27.135202410000002,"CA,MX",1807030505,1807030505
94493.000000000000000,382.408351139999979,CA,1801011009,Lower Russian River
95774.000000000000000,387.591656750000027,CA,1802015704,Pine Creek
87558.000000000000000,354.342313079999997,CA,1809010203,Rock Creek
51976.000000000000000,210.344582709999997,CA,1802015207,Lower South Fork Cottonwood Creek
110215.000000000000000,446.032282699999996,CA,1803000313,San Emigdio Creek-Frontal Buena Vista Lake Bed
146602.000000000000000,593.290709579999998,CA,1810020108,Lower Whitewater River
73932.000000000000000,299.199171920000026,CA,1801020801,East Fork Scott River
93032.000000000000000,376.494337040000005,CA,1809020219,California Valley
52386.000000000000000,212.002843339999998,CA,1803000607,Upper Tule River
162364.000000000000000,657.077737960000036,CA,1802012801,Upper North Fork American River
197072.000000000000000,797.538038420000021,CA,1810010039,Lower Homer Wash
74333.000000000000000,300.822496800000010,CA,1801021103,East Fork Trinity River
37158.000000000000000,150.377974230000007,CA,1809020402,Lee Wash
62186.000000000000000,251.664875740000014,CA,1805000403,Arroyo Mocho
161709.000000000000000,654.427660500000002,CA,1809020513,Searles Lake
101247.000000000000000,409.739014909999980,CA,1810010022,Valley Mountain
65388.000000000000000,264.622010049999972,CA,1802000313,Pit River Arm-Shasta Lake
107215.000000000000000,433.892764320000026,CA,1804000912,Moccasin Creek-Tuolumne River
145261.000000000000000,587.861339599999951,CA,1802011607,Lower Cache Creek
121067.000000000000000,489.951162529999976,CA,1809020811,Daggett Wash-Mojave River
162469.000000000000000,657.504328760000021,CA,1806000601,Carmel River
99213.000000000000000,401.510093900000015,CA,1807030202,Wilson Creek
101378.000000000000000,410.269859119999978,CA,1810020303,Borrego Valley-Borrego Sink Wash
133939.000000000000000,542.044272429999978,CA,1806000504,Paso Robles Creek-Salinas River
56960.000000000000000,230.515039870000010,CA,1802015201,Beegum Creek
62792.000000000000000,254.113854409999988,CA,1605010103,Upper Truckee River-Frontal Lake Tahoe
71187.000000000000000,288.089406119999978,CA,1802012901,Silver Fork American River
77756.000000000000000,314.674129049999976,CA,1802012201,Red Clover Creek
100368.000000000000000,406.185571040000013,"CA,OR",1801020602,John C Boyle Reservoir-Klamath River
59090.000000000000000,239.134790600000002,CA,1805000203,Sonoma Creek-Frontal San Pablo Bay Estuaries
224465.000000000000000,908.396753640000043,"CA,NV",1808000314,Skedaddle Creek
116076.000000000000000,469.754992850000008,CA,1801010803,Big River
98979.000000000000000,400.562310000000025,CA,1807010204,Upper Santa Clara River
187805.000000000000000,760.037606839999967,CA,1801010809,Alder Creek-Frontal Pacific Ocean
44757.000000000000000,181.131102510000005,CA,1802016201,Eticuera Creek
246850.000000000000000,998.988759419999951,CA,1809010301,Shepherd Creek-Owens River
90302.000000000000000,365.445818529999997,OR,1710031206,Mack Arch Cove-Pacific Ocean
62045.000000000000000,251.093852379999987,CA,1803001205,Zapato Chino Creek
87300.000000000000000,353.300208290000000,CA,1809020102,Marble Canyon
168197.000000000000000,680.685641010000040,CA,1810020406,Salt Creek
115399.000000000000000,467.012354549999998,CA,1605030201,Upper West Walker River
83202.000000000000000,336.715205029999993,CA,1806000510,San Lorenzo Creek
57539.000000000000000,232.859055299999994,CA,1803000502,Upper White River
47657.000000000000000,192.863907949999998,CA,1809020802,West Fork Mojave River
119497.000000000000000,483.599636180000005,CA,1807030305,San Marcos Creek-Frontal Gulf of Santa Catalina
108748.000000000000000,440.095802639999988,CA,1802000304,Bear Creek
41061.000000000000000,166.171426450000013,CA,1804000301,Corral Hollow Creek
210264.000000000000000,850.928554549999944,"CA,NV",1809020301,Upper Death Valley Wash
91738.000000000000000,371.256989139999973,CA,1808000315,Honey Lake Valley-Frontal Honey Lake
180210.000000000000000,729.299114870000039,"CA,NV",1605010205,City of Reno-Truckee River
134491.000000000000000,544.277799459999983,CA,1802012505,Middle Yuba River
90230.000000000000000,365.154500279999979,CA,1802016102,Coon Creek
85486.000000000000000,345.956365360000007,CA,1804000609,Big Creek
91669.000000000000000,370.978779280000026,CA,1810010028,Sheep Hole Mountains
100138.000000000000000,405.253820039999994,CA,1809020617,Tropico Hill-Oak Creek
95728.000000000000000,387.405005879999976,CA,1803000203,Middle South Fork Kern River
52270.000000000000000,211.533581700000013,CA,1803000706,Dry Creek
48678.000000000000000,196.995350760000008,CA,1810010005,Silver Creek-Rabbit Lake
59624.000000000000000,241.295284210000005,CA,1807020309,Santiago Creek
59572.000000000000000,241.084685000000007,CA,1804001208,Upper Mokelumne River
185732.000000000000000,751.647157020000009,CA,1801021001,South Fork Salmon River
53174.000000000000000,215.193231120000007,CA,1801010505,Basin Creek-Eel River
176889.000000000000000,715.858296640000049,CA,1802000310,Kosk Creek-Pit River
52779.000000000000000,213.591737150000000,CA,1807030406,San Vicente Creek
63799.000000000000000,258.192183100000022,CA,1804000909,North Fork Tuolumne River
63615.000000000000000,257.447986500000013,CA,1809020105,Racetrack Valley
85493.000000000000000,345.987373779999984,CA,1802000206,North Fork Pit River
325544.999999999941792,1317.461904629999935,CA,1806001503,Monterey Bay
86664.000000000000000,350.725413150000008,CA,1805000406,Alameda Creek
106094.000000000000000,429.357745039999998,CA,1809020510,Teagle Wash
149919.000000000000000,606.715539769999964,CA,1803001002,Upper South Fork Kings River
334496.000000000000000,1353.687275920000047,"AZ,CA",1503010107,Colorado River-Lake Havasu
97167.000000000000000,393.228332620000003,CA,1803001217,Avenal Creek-Alamo Solo Spring
70827.000000000000000,286.631858899999997,CA,1809020321,Anvil Spring Canyon
97230.000000000000000,393.483229979999976,CA,1807030103,Aliso Creek-Frontal Gulf of Santa Catalina
50400.000000000000000,203.967374900000010,CA,1804001202,South Fork Mokelumne River
180842.000000000000000,731.857674520000046,CA,1801010201,Redwood Creek
52962.000000000000000,214.334941979999996,CA,1807010601,Dominguez Channel
157958.000000000000000,639.247530449999999,CA,1805000101,Wooden Valley Creek-Frontal Suisun Bay Estuaries
58582.000000000000000,237.077768689999999,CA,1807030412,San Diego Bay
171791.000000000000000,695.227686629999994,CA,1503010203,Lower Piute Wash
59835.000000000000000,242.150362250000001,CA,1804000903,Eleanor Creek
100573.000000000000000,407.013181879999991,CA,1802012306,South Fork Feather River
122810.000000000000000,497.003320719999977,CA,1808000304,Upper Susan River
146200.000000000000000,591.662768039999946,"CA,NV",1606001008,Chiatovich Creek-Frontal Fish Lake Valley
43359.000000000000000,175.471917120000001,CA,1804000702,Coarse Gold Creek
82275.000000000000000,332.961291500000016,CA,1803000302,Tehachapi Creek
39506.000000000000000,159.876875750000011,CA,1809020623,Rock Creek-Buckhorn Lake
44278.000000000000000,179.190268949999989,CA,1803000610,Lower Tule River
230320.000000000000000,932.093929900000035,CA,1809020825,Soda Lake
167014.000000000000000,675.895975819999990,"AZ,CA",1503010701,Picacho Wash-Colorado River
65427.000000000000000,264.780523570000014,CA,1802011102,American River
54242.000000000000000,219.514687519999995,CA,1802010402,Walker Creek
64565.000000000000000,261.291456089999997,CA,1804001403,Larious Creek-Silver Creek
59905.000000000000000,242.434189720000006,CA,1806000802,La Brea Creek
126856.000000000000000,513.377738929999964,CA,1806000207,Lower San Benito River
105733.000000000000000,427.896670470000004,CA,1807010607,Alamitos Bay-San Pedro Bay
118166.000000000000000,478.212952850000022,CA,1802015604,Upper Thomes Creek
104040.000000000000000,421.042485720000002,CA,1810010048,Hayfield Lake-Lake Tamarisk
74220.000000000000000,300.364736789999995,CA,1809020313,Kingston Peak
42097.000000000000000,170.365335780000009,CA,1804001303,South Fork Cosumnes River
254200.000000000000000,1028.735058989999970,CA,1802010408,Colusa Trough
46676.000000000000000,188.896054090000007,CA,1804000101,Little Dry Creek
92426.000000000000000,374.044567289999975,CA,1806000902,Shuman Canyon-Frontal Pacific Ocean
73994.000000000000000,299.447999310000000,CA,1801010404,Elk Creek
74421.000000000000000,301.178713519999974,CA,1806000201,Tequisquita Slough
104513.000000000000000,422.956583050000006,CA,1801020502,Red Rock Valley-Antelope Creek
171968.000000000000000,695.943578989999992,CA,1807010207,Sespe Creek
123529.000000000000000,499.915255709999997,CA,1801010704,Cooksie Creek-Frontal Pacific Ocean
57079.000000000000000,230.996045740000000,CA,1803000903,Fancher Creek-Fancher Creek Canal
207265.000000000000000,838.789722279999978,CA,1808000201,Cold Spring Creek-Madeline Plains
92580.000000000000000,374.665480909999985,CA,1802016305,Ulatis Creek
85433.000000000000000,345.742867289999992,"CA,NV",1606001507,Potosi Wash
154337.000000000000000,624.591785800000025,"CA,OR",1802000103,Willow Creek-Frontal Goose Lake
47179.000000000000000,190.931856710000005,CA,1803000604,Yokohl Creek
103674.000000000000000,419.564287779999972,CA,1801010401,Black Butte River
113221.000000000000000,458.199984920000020,CA,1809020304,Emigrant Wash
78776.000000000000000,318.803467640000008,CA,1801020804,Kidder Creek-Scott River
71517.000000000000000,289.423768960000018,CA,1804000107,Lower Chowchilla River
143770.000000000000000,581.831170639999982,CA,1801020403,Mowitz Creek-Clear Lake
66458.000000000000000,268.952674979999983,CA,1809010206,Bishop Creek
188632.000000000000000,763.381829329999960,CA,1803001208,Goose Lake Slough-Jerry Slough
153101.000000000000000,619.590926190000005,CA,1802000212,Blacks Canyon-Pit River
58660.000000000000000,237.392549000000002,CA,1809020603,Jawbone Canyon
229952.000000000000000,930.603176240000039,CA,1802012303,Sierra Valley
74439.000000000000000,301.251595459999976,CA,1810010019,Cleghorn Pass
64373.000000000000000,260.512969059999989,CA,1802012603,Middle Bear River
59105.000000000000000,239.196275719999988,CA,1802012804,North Fork Middle Fork American River
47109.000000000000000,190.647645780000005,CA,1801021106,Browns Creek
106085.000000000000000,429.321658510000020,CA,1810010042,Martins Well-Danby Lake
133751.000000000000000,541.281435190000025,CA,1810010036,Cadiz Valley
65422.000000000000000,264.759813570000006,CA,1804000601,Mono Creek
53283.000000000000000,215.634270189999995,CA,1809020405,Mesquite Spring
118994.000000000000000,481.563735109999982,CA,1809020814,Manix Wash-Mojave River
122309.000000000000000,494.976004649999993,CA,1810020203,Lower Carrizo Creek
76685.000000000000000,310.340211850000003,CA,1802015302,South Fork Battle Creek
155131.000000000000000,627.805425789999958,CA,1804000113,Mud Slough
66773.000000000000000,270.228058540000006,CA,1802000403,Squaw Valley Creek
119901.000000000000000,485.233881849999989,CA,1803001214,Antelope Valley-Antelope Plain
95424.000000000000000,386.175949679999974,CA,1802015707,Jewett Creek-Sacramento River
43588.000000000000000,176.398807870000013,CA,1809020702,Goldstone Lake
107312.000000000000000,434.287289620000024,"CA,MX",1807030413,Mission Beach-Frontal Pacific Ocean
152904.000000000000000,618.793337680000036,CA,1807010201,Headwaters Santa Clara River
185378.000000000000000,750.215744889999996,CA,1803000909,Tumey Gulch-FresnoSlough
142211.000000000000000,575.520482010000023,CA,1801010806,Usal Creek-Frontal Pacific Ocean
84396.000000000000000,341.547817179999981,CA,1802016204,Middle Putah Creek
248396.000000000000000,1005.246666989999994,CA,1503010408,Palo Verde Valley
92827.000000000000000,375.666310140000007,"CA,OR",1801020404,Rock Creek-Lost River
50016.000000000000000,202.410648299999991,CA,1807030403,San Dieguito River
64958.000000000000000,262.881048510000028,CA,1802015204,Upper South Fork Cottonwood Creek
279776.000000000000000,1132.238111379999964,CA,1806000604,Santa Rosa Creek-Frontal Pacific Ocean
220574.000000000000000,892.648745599999984,CA,1806000507,San Antonio River
39204.000000000000000,158.655891849999989,CA,1803000316,Buena Vista Lake Bed
79733.000000000000000,322.674699139999973,CA,1804001102,North Fork Calaveras River
53225.000000000000000,215.400554519999986,CA,1810020306,Fish Creek Wash
179841.000000000000000,727.808066260000032,CA,1606001508,Mesquite Valley
143170.000000000000000,579.401850899999999,CA,1802011604,North Fork Cache Creek
209921.000000000000000,849.540352470000016,CA,1810020409,New River
82445.000000000000000,333.651187460000017,CA,1807010404,Garapito Creek-Frontal Santa Monica Bay
43368.000000000000000,175.507812389999998,CA,1810010025,Amboy Crater
124570.000000000000000,504.129814800000020,CA,1805000304,Saratoga Creek-Frontal San Francisco Bay Estuaries
47742.000000000000000,193.209523009999998,CA,1802012904,Rock Creek
47491.000000000000000,192.193712570000002,CA,1804000203,Del Puerto Creek
147056.000000000000000,595.128258940000023,CA,1809020411,Surprise Canyon-Panamint Valley
81212.000000000000000,328.661279739999998,CA,1804000304,Bear Creek
71348.000000000000000,288.740247360000012,CA,1801020904,Clear Creek
107893.000000000000000,436.635540240000012,CA,1809020805,Upper Fremont Wash
190376.000000000000000,770.441735210000047,CA,1806000513,Arroyo Seco
55226.000000000000000,223.496302700000001,CA,1803000505,Lower White River
315391.000000000058208,1276.368967180000027,CA,1809010304,Owens Lake
41807.000000000000000,169.191254740000005,CA,1802012103,Butt Creek
43773.000000000000000,177.148055859999999,CA,1804001001,Clark Fork
109297.000000000000000,442.318876400000022,CA,1802000203,Dry Creek-South Fork Pit River
67072.000000000000000,271.435179220000009,CA,1801011001,East Fork Russian River
126662.000000000000000,512.592162320000057,CA,1809020507,Grapevine Canyon
259748.000000000000000,1051.185937140000078,CA,1806001402,Santa Cruz Island
84810.000000000000000,343.221982620000006,CA,1805000409,San Mateo Creek-Frontal San Francisco Bay Estuaries
84718.000000000000000,342.849826090000022,CA,1803001005,Dinkey Creek
79837.000000000000000,323.094094620000021,CA,1807030409,Lower Sweetwater River
133101.000000000000000,538.652523699999961,CA,1802012106,Middle North Fork Feather River
199250.000000000000000,806.354581120000034,CA,1503010105,Upper Chemehuevi Wash
126036.000000000000000,510.058718090000013,"CA,NV",1809020207,Funeral Mountains-Amargosa River
108278.000000000000000,438.196967910000012,CA,1805000104,Suisun Bay
260827.000000000000000,1055.553364419999980,CA,1807010502,Upper Los Angeles River
219885.000000000000000,889.862600550000025,CA,1802000307,Hat Creek
87751.000000000000000,355.122515959999987,CA,1801010508,Yager Creek
46579.000000000000000,188.504427959999987,CA,1804000906,Middle Tuolumne River
186981.000000000000000,756.703324240000029,CA,1801010103,South Fork Smith River
45691.000000000000000,184.908441100000005,CA,1809020808,Wild Wash
96098.000000000000000,388.902127360000009,CA,1803000403,Middle Poso Creek
113937.000000000000000,461.097160970000004,CA,1802010411,Sutter Basin
132012.000000000000000,534.245687490000023,CA,1809020620,Bissell Hills
88600.000000000000000,358.560576930000025,CA,1803000703,North Fork Kaweah River
141873.000000000000000,574.153277279999998,CA,1806000302,Carrizo Plain-Soda Lake
75394.000000000000000,305.116800990000002,CA,1806000705,Huasna River
69402.000000000000000,280.865057139999976,CA,1801021004,Salmon River
35791.000000000000000,144.845180349999993,CA,1807020402,Newport Bay-Frontal Pacific Ocean
81524.000000000000000,329.922962059999975,CA,1801020703,Little Shasta River
129985.000000000000000,526.043284159999985,"CA,NV,OR",1712000701,Twentymile Creek
46161.000000000000000,186.812151199999988,CA,1804001205,Sutter Creek
182913.000000000000000,740.236752150000029,CA,1801010204,Lower Mad River
50200.000000000000000,203.156355749999989,CA,1802000209,Warm Springs Valley-Pit River
106577.000000000000000,431.310255069999982,CA,1801010502,Woodman Creek-Eel River
39184.000000000000000,158.576854630000014,"CA,OR",1710031203,Whalehead Creek-Frontal Cape Ferrelo
64263.000000000000000,260.068937360000007,CA,1807010604,Walnut Creek
77692.000000000000000,314.416814110000018,CA,1804005102,Littlejohns Creek
161726.000000000000000,654.495768630000043,CA,1807020306,Temescal Wash
43505.000000000000000,176.063152279999997,CA,1810020105,Deep Canyon
42740.000000000000000,172.967102299999993,CA,1802015402,Stillwater Creek
141950.000000000000000,574.465772150000021,CA,1804001211,Lower Mokelumne River
183586.000000000000000,742.962418950000028,CA,1809020822,Baxter Wash-Mojave River
74202.000000000000000,300.291392330000008,CA,1803000305,Tejon Creek
169393.000000000000000,685.523926070000016,CA,1810010045,Middle Pinto Wash
82948.000000000000000,335.686973430000023,CA,1810010008,Iron Ridge-Galway Lake
141756.000000000000000,573.676885090000042,CA,1803000106,Bull Run Creek-Kern River
48525.000000000000000,196.376701730000008,CA,1802015701,Toomes Creek
59906.000000000000000,242.434878629999986,CA,1808000301,Upper Pine Creek
158630.000000000000000,641.966271610000035,CA,1808000307,Lower Susan River-Frontal Honey Lake
90456.000000000000000,366.069856080000022,CA,1802012502,Upper North Yuba River
282894.000000000000000,1144.855797180000081,"AZ,NV",1503010103,Silver Creek Wash-Colorado River
61320.000000000000000,248.156987509999993,CA,1804000612,Fine Gold Creek
161282.000000000000000,652.700466249999977,CA,1804000705,Lower Fresno River
128365.000000000000000,519.484267479999971,"CA,NV",1605030203,Desert Creek
55512.000000000000000,224.652199169999989,CA,1806000204,Uvas Creek
85938.000000000000000,347.785107939999989,CA,1801020413,Badger Basin-Willow Creek
63560.000000000000000,257.224169840000002,CA,1801020606,Cottonwood Creek
51736.000000000000000,209.371182900000008,CA,1805000601,Pescadero Creek
74275.000000000000000,300.585614309999983,CA,1806000805,Orcutt Creek-Corralitos Canyon
48832.000000000000000,197.619506510000008,CA,1806001003,Santa Cruz Creek
217354.000000000000000,879.621328250000033,CA,1809020310,Red Pass Lake-Salt Creek
111414.000000000000000,450.887781150000023,CA,1802010405,Logan Creek
66680.000000000000000,269.848296950000019,CA,1804000104,Little Panoche Creek
97201.000000000000000,393.366443119999985,CA,1803000206,Kelso Creek
181296.000000000000000,733.694851839999956,CA,1809020614,Amargosa Creek
43491.000000000000000,176.005454189999995,CA,1803000709,Horse Creek-Kaweah River
125531.000000000000000,508.017735029999983,CA,1802015601,Antelope Creek
59598.000000000000000,241.188729950000010,CA,1810010002,Ericksen Dry Lake
51583.000000000000000,208.753482439999999,CA,1810010051,Mesquito Spring